,eval_loss,precision,recall,f1_score,test_token_count,test_sentence_count,train_token_count,train_sentence_count
result_bert,0.764927918030346,0.6924882629107981,0.6171548117154811,0.6526548672566371,1234,969,4975,3842
result_roberta,0.8233982166122706,0.6265060240963856,0.5439330543933054,0.5823068309070548,1234,969,4975,3842
result_distilbert,0.7663368655704572,0.6666666666666666,0.5857740585774058,0.623608017817372,1234,969,4975,3842
